Titulo,Descripcion,Categoria,Latitud,Longitud,Fecha del Hecho
"Crisis sanitaria afecta a Tilcara, Jujuy", El incidente afectando gravemente la infraestructura local. Se ha declarado estado de emergencia en la región para facilitar la asistencia.,Evento sanitario,-23.574039,-65.36991,11/11/2013
"Polución industrial afecta a El Calafate, Santa Cruz", El incidente afectando gravemente la infraestructura local.,Evento sanitario,-34.647167,-58.343773,12/5/2019
"Casos agrupados de enfermedad genera crisis en Tinogasta, Catamarca",Se ha declarado estado de emergencia en la región para facilitar la asistencia.,Evento sanitario,-50.316173,-72.249337,8/3/2022
"Autoridades responden a Contaminación por derrame en Tandil, Buenos Aires",Contamicion por quimicos de fabrica,Contaminación,-28.094528,-67.538624,21/11/2018
Impacto de Contaminación ambiental severa en comunidad de Avellaneda,Una fabrica exploto,Contaminación,-37.327652,-59.120179,14/09/2015
Desastre covid bariloche,Mucha joda,Evento sanitario,-34.623178,-58.383161,16/05/2006
Contaminacion en bariloche,fabrica de maderas,Contaminación,-27.489449,-58.967169,6/12/2015
,,,,,
,,,,,
